dimension,cle,libelle,bon,moyen,insuffisant,renseigne,total_dpe,pct_insuffisant,pct_bon
national,france,France,1793312,4436103,4144821,10374236,15280141,39.9530240106,17.2862078711
paradoxe_ab,AB,Etiquettes A ou B,103401,364218,209357,676976,984508,30.9253208386,15.2739535818
par_etiquette,D,D,577904,1415355,1325387,3318646,4755595,39.9375829781,17.413848901
par_etiquette,C,C,538598,1770571,987778,3296947,5613037,29.9603845618,16.3362650355
par_etiquette,E,E,347080,623092,879696,1849868,2435944,47.554528215,18.7624198051
par_etiquette,F,F,147487,190653,435500,773640,950383,56.292332351,19.0640349517
par_etiquette,B,B,80073,258136,151114,489323,757384,30.8822597752,16.3640376602
par_etiquette,G,G,78842,72214,307103,458159,540674,67.0297866025,17.2084363725
par_etiquette,A,A,23328,106082,58243,187653,227124,31.0376066463,12.431455932
par_region,11,Île-de-France,316747,719649,837729,1874125,3265779,44.6997398786,16.9010604949
par_region,84,Auvergne-Rhône-Alpes,220594,592184,418381,1231159,1770835,33.9826943555,17.9175882238
par_region,76,Occitanie,173180,485373,331527,990080,1269943,33.4848699095,17.4915158371
par_region,44,Grand Est,169502,345203,278238,792943,1252497,35.0892813229,21.376315826
par_region,32,Hauts-de-France,166437,292231,481970,940638,1246416,51.2386273997,17.6940544609
par_region,93,Provence-Alpes-Côte d'Azur,162421,430854,303312,896587,1207610,33.8296227806,18.1154756872
par_region,75,Nouvelle-Aquitaine,136236,454887,365112,956235,1285405,38.182245996,14.2471254451
par_region,28,Normandie,95180,193131,251420,539731,804731,46.5824642276,17.6347106244
par_region,52,Pays de la Loire,88365,279632,222383,590380,811794,37.6677732986,14.9674785731
par_region,27,Bourgogne-Franche-Comté,79856,170328,155635,405819,559555,38.3508411385,19.6777381049
par_region,24,Centre-Val de Loire,71541,169119,167546,408206,570194,41.0444726437,17.5257100582
par_region,53,Bretagne,65143,181552,241054,487749,663987,49.4217312593,13.355844912
par_region,94,Corse,8760,17559,13074,39393,51925,33.1886375752,22.2374533547
par_region,02,Martinique,667,4201,1846,6714,7097,27.4947870122,9.9344652964
par_region,04,La Réunion,102,188,196,486,912,40.329218107,20.987654321
par_region,01,Guadeloupe,83,298,173,554,646,31.2274368231,14.9819494585
par_region,03,Guyane,15,49,17,81,104,20.987654321,18.5185185185
par_region,06,Mayotte,3,10,7,20,37,35,15
par_region,00,00,2,14,10,26,27,38.4615384615,7.69230769231
par_departement,75,75,62237,164722,318190,545149,828572,58.3675288774,11.416511816
par_departement,59,59,62199,132704,239837,434740,582402,55.1679164558,14.3071721029
par_departement,69,69,55701,163277,93275,312253,492839,29.871610521,17.8384194868
par_departement,62,62,55385,71413,120723,247521,313406,48.7728313961,22.3758792183
par_departement,06,06,50820,119421,64553,234794,290931,27.4934623542,21.6445053962
par_departement,92,92,48022,118874,101588,268484,486351,37.8376365072,17.8863544941
par_departement,13,13,46468,159474,106208,312150,470946,34.0246676277,14.8864328047
par_departement,44,44,42233,121627,83632,247492,345069,33.7917993309,17.0643899601
par_departement,78,78,42164,81768,77107,201039,332178,38.3542496729,20.9730450311
par_departement,91,91,41142,62708,66846,170696,293644,39.1608473544,24.1024980082
par_departement,76,76,40093,67539,91189,198821,342941,45.8648734289,20.1653748849
par_departement,83,83,40083,89681,74702,204466,253396,36.5351696615,19.6037483005
par_departement,34,34,38342,105122,68456,211920,276726,32.3027557569,18.0926764817
par_departement,93,93,36372,78988,77504,192864,399680,40.1858304297,18.8588850174
par_departement,94,94,33495,83828,69048,186371,393664,37.0486824667,17.9722167075
par_departement,67,67,33344,62755,54631,150730,237504,36.2442778478,22.1216745173
par_departement,38,38,31182,86581,60050,177813,244281,33.7714340346,17.5364006006
par_departement,57,57,30956,57958,48307,137221,244771,35.2037953374,22.5592292725
par_departement,31,31,30604,144147,63592,238343,337746,26.6808758806,12.8403183647
par_departement,33,33,30501,136023,102689,269213,384693,38.1441460851,11.3296906167
par_departement,63,63,28375,44743,37556,110674,138589,33.9338959467,25.6383613134
par_departement,77,77,27583,72632,69749,169964,268776,41.0375138265,16.22873079
par_departement,74,74,26504,58945,43623,129072,195796,33.7974153961,20.5342754432
par_departement,95,95,25732,56129,57697,139558,262914,41.3426675647,18.4382120695
par_departement,68,68,25651,41511,35218,102380,138878,34.3992967376,25.0546981832
par_departement,30,30,25559,46106,45273,116938,154779,38.7153876413,21.8568814243
par_departement,66,66,24129,42795,30780,97704,105716,31.5033161385,24.6960206338
par_departement,35,35,24105,63931,68225,156261,227352,43.6609262708,15.4261140016
par_departement,37,37,21779,45188,39129,106096,158916,36.8807495099,20.5276353491
par_departement,51,51,21280,52021,30722,104023,193049,29.5338530902,20.4570143141
par_departement,42,42,20472,56336,37849,114657,174931,33.0106317102,17.8549935896
par_departement,64,64,20161,45913,37874,103948,151430,36.435525455,19.3952745604
par_departement,14,14,19926,46290,60978,127194,178827,47.9409406104,15.665833294
par_departement,21,21,19854,39618,28995,88467,128113,32.7749330259,22.4422666079
par_departement,54,54,18543,53899,41034,113476,177350,36.1609503331,16.3409002785
par_departement,49,49,18531,60847,49573,128951,181948,38.4432846585,14.3705748695
par_departement,60,60,17607,38141,47505,103253,146880,46.0083484257,17.0522890376
par_departement,29,29,17054,47005,69809,133868,176063,52.1476379717,12.7394149461
par_departement,45,45,16326,49650,44488,110464,143767,40.2737543453,14.7794756663
par_departement,80,80,15894,27183,37627,80704,109423,46.623463521,19.6941911182
par_departement,27,27,15828,38492,34866,89186,113324,39.0935797098,17.7471800507
par_departement,84,84,15536,39021,35051,89608,114217,39.1159271494,17.337737702
par_departement,02,02,15352,22790,36278,74420,94305,48.7476484816,20.6288632088
par_departement,01,01,14639,51555,29456,95650,117006,30.7956089911,15.3047569263
par_departement,71,71,14422,32095,32484,79001,98441,41.1184668548,18.2554651207
par_departement,85,85,14374,51986,36496,102856,126148,35.4826164735,13.9748774986
par_departement,56,56,14362,45434,55299,115095,155399,48.0463964551,12.4783874191
par_departement,17,17,14323,54775,44674,113772,148696,39.2662518018,12.5892135147
par_departement,25,25,14228,36386,27085,77699,107508,34.8588784926,18.3116899831
par_departement,50,50,14019,26577,40626,81222,114869,50.0184679028,17.2601019428
par_departement,28,28,12685,22930,29089,64704,87929,44.9570351137,19.6046612265
par_departement,10,10,12506,21736,19574,53816,62550,36.372082652,23.238442099
par_departement,73,73,11343,31074,31593,74010,126029,42.6874746656,15.3263072558
par_departement,88,88,11135,22272,14832,48239,69589,30.7469060304,23.0829826489
par_departement,26,26,10889,34185,27174,72248,93456,37.6121138301,15.0716974864
par_departement,24,24,10497,25329,26101,61927,73692,42.148012983,16.9506031295
par_departement,87,87,9837,31819,21310,62966,91921,33.8436616587,15.6227170219
par_departement,11,11,9699,32760,25334,67793,80676,37.3696399333,14.3067868364
par_departement,22,22,9622,25182,47721,82525,105173,57.826113299,11.6594971221
par_departement,16,16,9576,22638,19503,51717,67710,37.7110041186,18.5161552294
par_departement,72,72,9365,28759,33525,71649,106682,46.7906041955,13.0706639311
par_departement,86,86,9024,34592,23953,67569,91695,35.4496884666,13.355236869
par_departement,18,18,8480,19336,19497,47313,66656,41.2085473337,17.9231923573
par_departement,79,79,8446,24917,17544,50907,64733,34.4628440097,16.5910385605
par_departement,81,81,8382,27189,20062,55633,69081,36.0613305053,15.0665971636
par_departement,12,12,8169,18642,14560,41371,48490,35.1937347417,19.7457155979
par_departement,47,47,8018,22156,20548,50722,61954,40.5110208588,15.807736288
par_departement,40,40,7948,33075,28998,70021,83833,41.4132902986,11.3508804502
par_departement,58,58,7880,13667,13879,35426,43801,39.1774402981,22.2435499351
par_departement,07,07,7293,19858,18005,45156,56498,39.8728851094,16.1506776508
par_departement,89,89,7137,16261,23012,46410,64663,49.5841413488,15.3781512605
par_departement,39,39,7099,13663,13812,34574,47744,39.9490946954,20.5327702898
par_departement,08,08,6661,13629,15513,35803,59438,43.328771332,18.6045862079
par_departement,52,52,6493,9772,9261,25526,38022,36.2806550184,25.4368095275
par_departement,03,03,6347,25013,20883,52243,70264,39.9728193251,12.1489960377
par_departement,36,36,6329,13955,13456,33740,54134,39.8814463545,18.7581505631
par_departement,41,41,5942,18060,21887,45889,58792,47.695526161,12.9486369282
par_departement,65,65,5745,15215,15822,36782,49934,43.0156054592,15.6190527976
par_departement,04,04,5670,12613,11691,29974,38373,39.0038032962,18.9163942083
par_departement,46,46,5575,9562,10248,25385,29868,40.3702974197,21.9617884578
par_departement,70,70,5565,9227,10099,24891,34454,40.5728978346,22.3574786067
par_departement,82,82,5547,17984,13854,37385,43387,37.0576434399,14.8375016718
par_departement,19,19,5471,17274,14013,36758,42806,38.12231351,14.8838348115
par_departement,61,61,5314,14233,23761,43308,54770,54.865151935,12.2702503002
par_departement,2A,2A,4924,9084,6632,20640,26328,32.1317829457,23.8565891473
par_departement,09,09,4610,10955,10277,25842,30690,39.7685937621,17.8391765343
par_departement,32,32,4252,11304,10009,25565,32410,39.1511832584,16.6321142187
par_departement,43,43,4245,11296,11673,27214,37311,42.8933637099,15.5985889616
par_departement,53,53,3862,16413,19157,39432,51947,48.582369649,9.79407587746
par_departement,05,05,3844,10644,11107,25595,39747,43.3951943739,15.0185583122
par_departement,2B,2B,3836,8475,6442,18753,25597,34.3518370394,20.4553938037
par_departement,90,90,3671,9411,6269,19351,34831,32.3962585913,18.9705958348
par_departement,15,15,3604,9321,7244,20169,23835,35.9165055283,17.8690068918
par_departement,55,55,2933,9650,9146,21729,31346,42.091214506,13.49809011
par_departement,48,48,2567,3592,3260,9419,10440,34.6108928761,27.2534239304
par_departement,23,23,2434,6376,7905,16715,22242,47.2928507329,14.5617708645
par_departement,972,972,667,4201,1846,6714,7097,27.4947870122,9.9344652964
par_departement,974,974,102,188,196,486,912,40.329218107,20.987654321
par_departement,971,971,83,298,173,554,646,31.2274368231,14.9819494585
par_departement,973,973,15,49,17,81,104,20.987654321,18.5185185185
par_departement,976,976,3,10,7,20,37,35,15
par_departement,988,988,2,12,6,20,21,30,10
par_departement,975,975,0,2,0,2,2,0,0
par_departement,978,978,0,0,4,4,4,100,0
par_energie,Gaz naturel,Gaz naturel,774379,1645138,1474746,3894263,6111937,37.8697073105,19.8851233212
par_energie,Électricité,Électricité,684200,2279504,1936631,4900335,6087526,39.5203797291,13.96231074
par_energie,Réseau de Chauffage urbain,Réseau de Chauffage urbain,131815,204387,139474,475676,1860578,29.3212186446,27.7110890606
par_energie,Fioul domestique,Fioul domestique,120593,150924,317840,589357,636444,53.9299609575,20.46179141
par_energie,Bois – Bûches,Bois – Bûches,45078,80554,174650,300282,323988,58.1619943919,15.0118888245
par_energie,Bois – Granulés (pellets) ou briquettes,Bois – Granulés (pellets) ou briquettes,20036,39951,61503,121490,134690,50.6239196642,16.4918923368
par_energie,Propane,Propane,7975,7648,6190,21813,22091,28.3775730069,36.5607665154
par_energie,GPL,GPL,7659,25396,30065,63120,85949,47.631495564,12.1340304183
par_energie,Charbon,Charbon,781,244,2070,3095,3237,66.8820678514,25.2342487884
par_energie,Bois – Plaquettes forestières,Bois – Plaquettes forestières,378,1385,1210,2973,8641,40.6996300034,12.7144298688
par_energie,Butane,Butane,208,111,143,462,483,30.9523809524,45.0216450216
par_energie,Bois – Plaquettes d’industrie,Bois – Plaquettes d’industrie,197,858,290,1345,2239,21.56133829,14.6468401487
par_energie,Réseau de Froid Urbain,Réseau de Froid Urbain,10,2,7,19,19,36.8421052632,52.6315789474
par_energie,Non affecté,Non affecté,3,1,2,6,11,33.3333333333,50
par_energie,Électricité d'origine renouvelable utilisée dans le bâtiment,Électricité d'origine renouvelable utilisée dans le bâtiment,0,0,0,0,2308,,
par_periode,1948-1974,1948-1974,714153,995989,1087421,2797563,4831578,38.8702953249,25.5276824865
par_periode,avant 1948,avant 1948,432395,1054827,1933301,3420523,4028543,56.520625647,12.6411955131
par_periode,1989-2000,1989-2000,138989,522656,277095,938740,1418396,29.5177578456,14.8059100496
par_periode,2006-2012,2006-2012,105986,482779,167535,756300,1097757,22.1519238397,14.0137511569
par_periode,1978-1982,1978-1982,93335,261065,168230,522630,823633,32.1891204102,17.8587145782
par_periode,2013-2021,2013-2021,92217,431038,115021,638276,1028154,18.0205741717,14.4478250788
par_periode,1983-1988,1983-1988,74269,224091,153919,452279,726189,34.0318697087,16.4210586828
par_periode,1975-1977,1975-1977,74153,176366,113062,363581,638451,31.0967844854,20.3951801662
par_periode,2001-2005,2001-2005,52748,223045,103612,379405,508748,27.3090760533,13.9028215232
par_periode,après 2021,après 2021,15067,64247,25625,104939,178692,24.4189481508,14.3578650454
par_batiment,appartement,appartement,1119941,2977581,2030656,6128178,10342950,33.1363743024,18.2752687667
par_batiment,maison,maison,668028,1450402,2108452,4226882,4544516,49.8819697356,15.8042736939
par_batiment,immeuble,immeuble,5343,8120,5713,19176,392675,29.7924488945,27.8629536921
paris_arrondissements,75120,75120,9928,15231,25081,50240,73844,49.9223726115,19.7611464968
paris_arrondissements,75115,75115,6771,21028,29170,56969,92873,51.2032859976,11.8854113641
paris_arrondissements,75112,75112,6360,12606,21633,40599,57683,53.2845636592,15.6654104781
paris_arrondissements,75116,75116,5059,14191,23935,43185,55644,55.4243371541,11.7147157578
paris_arrondissements,75118,75118,4171,13245,28742,46158,65924,62.2687291477,9.03635339486
paris_arrondissements,75117,75117,4140,12550,27006,43696,67413,61.804284145,9.47455144636
paris_arrondissements,75119,75119,3839,10053,13755,27647,59395,49.7522335154,13.8857742251
paris_arrondissements,75114,75114,3667,10730,16217,30614,53738,52.9724962435,11.9781799177
paris_arrondissements,75111,75111,3561,11219,23902,38682,55504,61.7910139083,9.20583217
paris_arrondissements,75113,75113,3167,10537,14686,28390,74805,51.729482212,11.1553363861
paris_arrondissements,75107,75107,1916,5195,10904,18015,20249,60.5273383292,10.6355814599
paris_arrondissements,75110,75110,1638,5612,15567,22817,33298,68.2254459394,7.17885786913
paris_arrondissements,75109,75109,1553,4071,11965,17589,20989,68.0254704645,8.82938200011
paris_arrondissements,75105,75105,1303,4118,10700,16121,21935,66.3730537808,8.08262514732
paris_arrondissements,75108,75108,1298,3630,9097,14025,16174,64.862745098,9.25490196078
paris_arrondissements,75106,75106,1200,3233,9889,14322,16206,69.0476190476,8.37871805614
paris_arrondissements,75104,75104,770,2039,7134,9943,12709,71.748969124,7.74414160716
paris_arrondissements,75103,75103,740,2407,8425,11572,14126,72.8050466644,6.39474593847
paris_arrondissements,75101,75101,602,1141,4765,6508,7881,73.2175783651,9.25015365704
paris_arrondissements,75102,75102,544,1554,5716,7814,9159,73.150755055,6.96186332224
sous_critere,protection_solaire_exterieure|insuffisant,Protection solaire exterieure,,,,4144821,,14.767296344,
sous_critere,protection_solaire_exterieure|bon,Protection solaire exterieure,,,,1793312,,65.6518776432,
sous_critere,logement_traversant|insuffisant,Logement traversant,,,,4144821,,74.8686372705,
sous_critere,logement_traversant|bon,Logement traversant,,,,1793312,,80.1693179993,
sous_critere,presence_brasseur_air|insuffisant,Brasseur d'air,,,,4144821,,3.4711752329,
sous_critere,presence_brasseur_air|bon,Brasseur d'air,,,,1793312,,8.51948796417,
sous_critere,inertie_lourde|insuffisant,Inertie lourde,,,,4118081,,28.8723315544,
sous_critere,inertie_lourde|bon,Inertie lourde,,,,1707601,,66.4141096193,
sous_critere,isolation_toiture|insuffisant,Isolation toiture,,,,4123603,,56.8443906943,
sous_critere,isolation_toiture|bon,Isolation toiture,,,,1777970,,48.7174136796,
